"id","created_at","updated_at","deleted_at","name","province_id"
"1101","2020-10-26 13:10:07.370589+07:07","2020-10-26 13:10:07.370589+07:07",,"KABUPATEN SIMEULUE","11"
"1102","2020-10-26 13:10:07.370589+07:07","2020-10-26 13:10:07.370589+07:07",,"KABUPATEN ACEH SINGKIL","11"
"1103","2020-10-26 13:10:07.370589+07:07","2020-10-26 13:10:07.370589+07:07",,"KABUPATEN ACEH SELATAN","11"
"1104","2020-10-26 13:10:07.370589+07:07","2020-10-26 13:10:07.370589+07:07",,"KABUPATEN ACEH TENGGARA","11"
"1105","2020-10-26 13:10:07.370589+07:07","2020-10-26 13:10:07.370589+07:07",,"KABUPATEN ACEH TIMUR","11"
"1106","2020-10-26 13:10:07.370589+07:07","2020-10-26 13:10:07.370589+07:07",,"KABUPATEN ACEH TENGAH","11"
"1107","2020-10-26 13:10:07.370589+07:07","2020-10-26 13:10:07.370589+07:07",,"KABUPATEN ACEH BARAT","11"
"1108","2020-10-26 13:10:07.370589+07:07","2020-10-26 13:10:07.370589+07:07",,"KABUPATEN ACEH BESAR","11"
"1109","2020-10-26 13:10:07.370589+07:07","2020-10-26 13:10:07.370589+07:07",,"KABUPATEN PIDIE","11"
"1110","2020-10-26 13:10:07.370589+07:07","2020-10-26 13:10:07.370589+07:07",,"KABUPATEN BIREUEN","11"
"1111","2020-10-26 13:10:07.370589+07:07","2020-10-26 13:10:07.370589+07:07",,"KABUPATEN ACEH UTARA","11"
"1112","2020-10-26 13:10:07.370589+07:07","2020-10-26 13:10:07.370589+07:07",,"KABUPATEN ACEH BARAT DAYA","11"
"1113","2020-10-26 13:10:07.370589+07:07","2020-10-26 13:10:07.370589+07:07",,"KABUPATEN GAYO LUES","11"
"1114","2020-10-26 13:10:07.370589+07:07","2020-10-26 13:10:07.370589+07:07",,"KABUPATEN ACEH TAMIANG","11"
"1115","2020-10-26 13:10:07.370589+07:07","2020-10-26 13:10:07.370589+07:07",,"KABUPATEN NAGAN RAYA","11"
"1116","2020-10-26 13:10:07.370589+07:07","2020-10-26 13:10:07.370589+07:07",,"KABUPATEN ACEH JAYA","11"
"1117","2020-10-26 13:10:07.370589+07:07","2020-10-26 13:10:07.370589+07:07",,"KABUPATEN BENER MERIAH","11"
"1118","2020-10-26 13:10:07.370589+07:07","2020-10-26 13:10:07.370589+07:07",,"KABUPATEN PIDIE JAYA","11"
"1171","2020-10-26 13:10:07.370589+07:07","2020-10-26 13:10:07.370589+07:07",,"KOTA BANDA ACEH","11"
"1172","2020-10-26 13:10:07.370589+07:07","2020-10-26 13:10:07.370589+07:07",,"KOTA SABANG","11"
"1173","2020-10-26 13:10:07.370589+07:07","2020-10-26 13:10:07.370589+07:07",,"KOTA LANGSA","11"
"1174","2020-10-26 13:10:07.370589+07:07","2020-10-26 13:10:07.370589+07:07",,"KOTA LHOKSEUMAWE","11"
"1175","2020-10-26 13:10:07.370589+07:07","2020-10-26 13:10:07.370589+07:07",,"KOTA SUBULUSSALAM","11"
"1201","2020-10-26 13:10:07.370589+07:07","2020-10-26 13:10:07.370589+07:07",,"KABUPATEN NIAS","12"
"1202","2020-10-26 13:10:07.370589+07:07","2020-10-26 13:10:07.370589+07:07",,"KABUPATEN MANDAILING NATAL","12"
"1203","2020-10-26 13:10:07.370589+07:07","2020-10-26 13:10:07.370589+07:07",,"KABUPATEN TAPANULI SELATAN","12"
"1204","2020-10-26 13:10:07.370589+07:07","2020-10-26 13:10:07.370589+07:07",,"KABUPATEN TAPANULI TENGAH","12"
"1205","2020-10-26 13:10:07.370589+07:07","2020-10-26 13:10:07.370589+07:07",,"KABUPATEN TAPANULI UTARA","12"
"1206","2020-10-26 13:10:07.370589+07:07","2020-10-26 13:10:07.370589+07:07",,"KABUPATEN TOBA SAMOSIR","12"
"1207","2020-10-26 13:10:07.370589+07:07","2020-10-26 13:10:07.370589+07:07",,"KABUPATEN LABUHAN BATU","12"
"1208","2020-10-26 13:10:07.370589+07:07","2020-10-26 13:10:07.370589+07:07",,"KABUPATEN ASAHAN","12"
"1209","2020-10-26 13:10:07.370589+07:07","2020-10-26 13:10:07.370589+07:07",,"KABUPATEN SIMALUNGUN","12"
"1210","2020-10-26 13:10:07.370589+07:07","2020-10-26 13:10:07.370589+07:07",,"KABUPATEN DAIRI","12"
"1211","2020-10-26 13:10:07.370589+07:07","2020-10-26 13:10:07.370589+07:07",,"KABUPATEN KARO","12"
"1212","2020-10-26 13:10:07.370589+07:07","2020-10-26 13:10:07.370589+07:07",,"KABUPATEN DELI SERDANG","12"
"1213","2020-10-26 13:10:07.370589+07:07","2020-10-26 13:10:07.370589+07:07",,"KABUPATEN LANGKAT","12"
"1214","2020-10-26 13:10:07.370589+07:07","2020-10-26 13:10:07.370589+07:07",,"KABUPATEN NIAS SELATAN","12"
"1215","2020-10-26 13:10:07.370589+07:07","2020-10-26 13:10:07.370589+07:07",,"KABUPATEN HUMBANG HASUNDUTAN","12"
"1216","2020-10-26 13:10:07.370589+07:07","2020-10-26 13:10:07.370589+07:07",,"KABUPATEN PAKPAK BHARAT","12"
"1217","2020-10-26 13:10:07.370589+07:07","2020-10-26 13:10:07.370589+07:07",,"KABUPATEN SAMOSIR","12"
"1218","2020-10-26 13:10:07.370589+07:07","2020-10-26 13:10:07.370589+07:07",,"KABUPATEN SERDANG BEDAGAI","12"
"1219","2020-10-26 13:10:07.370589+07:07","2020-10-26 13:10:07.370589+07:07",,"KABUPATEN BATU BARA","12"
"1220","2020-10-26 13:10:07.370589+07:07","2020-10-26 13:10:07.370589+07:07",,"KABUPATEN PADANG LAWAS UTARA","12"
"1221","2020-10-26 13:10:07.370589+07:07","2020-10-26 13:10:07.370589+07:07",,"KABUPATEN PADANG LAWAS","12"
"1222","2020-10-26 13:10:07.370589+07:07","2020-10-26 13:10:07.370589+07:07",,"KABUPATEN LABUHAN BATU SELATAN","12"
"1223","2020-10-26 13:10:07.370589+07:07","2020-10-26 13:10:07.370589+07:07",,"KABUPATEN LABUHAN BATU UTARA","12"
"1224","2020-10-26 13:10:07.370589+07:07","2020-10-26 13:10:07.370589+07:07",,"KABUPATEN NIAS UTARA","12"
"1225","2020-10-26 13:10:07.370589+07:07","2020-10-26 13:10:07.370589+07:07",,"KABUPATEN NIAS BARAT","12"
"1271","2020-10-26 13:10:07.370589+07:07","2020-10-26 13:10:07.370589+07:07",,"KOTA SIBOLGA","12"
"1272","2020-10-26 13:10:07.370589+07:07","2020-10-26 13:10:07.370589+07:07",,"KOTA TANJUNG BALAI","12"
"1273","2020-10-26 13:10:07.370589+07:07","2020-10-26 13:10:07.370589+07:07",,"KOTA PEMATANG SIANTAR","12"
"1274","2020-10-26 13:10:07.370589+07:07","2020-10-26 13:10:07.370589+07:07",,"KOTA TEBING TINGGI","12"
"1275","2020-10-26 13:10:07.370589+07:07","2020-10-26 13:10:07.370589+07:07",,"KOTA MEDAN","12"
"1276","2020-10-26 13:10:07.370589+07:07","2020-10-26 13:10:07.370589+07:07",,"KOTA BINJAI","12"
"1277","2020-10-26 13:10:07.370589+07:07","2020-10-26 13:10:07.370589+07:07",,"KOTA PADANGSIDIMPUAN","12"
"1278","2020-10-26 13:10:07.370589+07:07","2020-10-26 13:10:07.370589+07:07",,"KOTA GUNUNGSITOLI","12"
"1301","2020-10-26 13:10:07.370589+07:07","2020-10-26 13:10:07.370589+07:07",,"KABUPATEN KEPULAUAN MENTAWAI","13"
"1302","2020-10-26 13:10:07.370589+07:07","2020-10-26 13:10:07.370589+07:07",,"KABUPATEN PESISIR SELATAN","13"
"1303","2020-10-26 13:10:07.370589+07:07","2020-10-26 13:10:07.370589+07:07",,"KABUPATEN SOLOK","13"
"1304","2020-10-26 13:10:07.370589+07:07","2020-10-26 13:10:07.370589+07:07",,"KABUPATEN SIJUNJUNG","13"
"1305","2020-10-26 13:10:07.370589+07:07","2020-10-26 13:10:07.370589+07:07",,"KABUPATEN TANAH DATAR","13"
"1306","2020-10-26 13:10:07.370589+07:07","2020-10-26 13:10:07.370589+07:07",,"KABUPATEN PADANG PARIAMAN","13"
"1307","2020-10-26 13:10:07.370589+07:07","2020-10-26 13:10:07.370589+07:07",,"KABUPATEN AGAM","13"
"1308","2020-10-26 13:10:07.370589+07:07","2020-10-26 13:10:07.370589+07:07",,"KABUPATEN LIMA PULUH KOTA","13"
"1309","2020-10-26 13:10:07.370589+07:07","2020-10-26 13:10:07.370589+07:07",,"KABUPATEN PASAMAN","13"
"1310","2020-10-26 13:10:07.370589+07:07","2020-10-26 13:10:07.370589+07:07",,"KABUPATEN SOLOK SELATAN","13"
"1311","2020-10-26 13:10:07.370589+07:07","2020-10-26 13:10:07.370589+07:07",,"KABUPATEN DHARMASRAYA","13"
"1312","2020-10-26 13:10:07.370589+07:07","2020-10-26 13:10:07.370589+07:07",,"KABUPATEN PASAMAN BARAT","13"
"1371","2020-10-26 13:10:07.370589+07:07","2020-10-26 13:10:07.370589+07:07",,"KOTA PADANG","13"
"1372","2020-10-26 13:10:07.370589+07:07","2020-10-26 13:10:07.370589+07:07",,"KOTA SOLOK","13"
"1373","2020-10-26 13:10:07.370589+07:07","2020-10-26 13:10:07.370589+07:07",,"KOTA SAWAH LUNTO","13"
"1374","2020-10-26 13:10:07.370589+07:07","2020-10-26 13:10:07.370589+07:07",,"KOTA PADANG PANJANG","13"
"1375","2020-10-26 13:10:07.370589+07:07","2020-10-26 13:10:07.370589+07:07",,"KOTA BUKITTINGGI","13"
"1376","2020-10-26 13:10:07.370589+07:07","2020-10-26 13:10:07.370589+07:07",,"KOTA PAYAKUMBUH","13"
"1377","2020-10-26 13:10:07.370589+07:07","2020-10-26 13:10:07.370589+07:07",,"KOTA PARIAMAN","13"
"1401","2020-10-26 13:10:07.370589+07:07","2020-10-26 13:10:07.370589+07:07",,"KABUPATEN KUANTAN SINGINGI","14"
"1402","2020-10-26 13:10:07.370589+07:07","2020-10-26 13:10:07.370589+07:07",,"KABUPATEN INDRAGIRI HULU","14"
"1403","2020-10-26 13:10:07.370589+07:07","2020-10-26 13:10:07.370589+07:07",,"KABUPATEN INDRAGIRI HILIR","14"
"1404","2020-10-26 13:10:07.370589+07:07","2020-10-26 13:10:07.370589+07:07",,"KABUPATEN PELALAWAN","14"
"1405","2020-10-26 13:10:07.370589+07:07","2020-10-26 13:10:07.370589+07:07",,"KABUPATEN S I A K","14"
"1406","2020-10-26 13:10:07.370589+07:07","2020-10-26 13:10:07.370589+07:07",,"KABUPATEN KAMPAR","14"
"1407","2020-10-26 13:10:07.370589+07:07","2020-10-26 13:10:07.370589+07:07",,"KABUPATEN ROKAN HULU","14"
"1408","2020-10-26 13:10:07.370589+07:07","2020-10-26 13:10:07.370589+07:07",,"KABUPATEN BENGKALIS","14"
"1409","2020-10-26 13:10:07.370589+07:07","2020-10-26 13:10:07.370589+07:07",,"KABUPATEN ROKAN HILIR","14"
"1410","2020-10-26 13:10:07.370589+07:07","2020-10-26 13:10:07.370589+07:07",,"KABUPATEN KEPULAUAN MERANTI","14"
"1471","2020-10-26 13:10:07.370589+07:07","2020-10-26 13:10:07.370589+07:07",,"KOTA PEKANBARU","14"
"1473","2020-10-26 13:10:07.370589+07:07","2020-10-26 13:10:07.370589+07:07",,"KOTA D U M A I","14"
"1501","2020-10-26 13:10:07.370589+07:07","2020-10-26 13:10:07.370589+07:07",,"KABUPATEN KERINCI","15"
"1502","2020-10-26 13:10:07.370589+07:07","2020-10-26 13:10:07.370589+07:07",,"KABUPATEN MERANGIN","15"
"1503","2020-10-26 13:10:07.370589+07:07","2020-10-26 13:10:07.370589+07:07",,"KABUPATEN SAROLANGUN","15"
"1504","2020-10-26 13:10:07.370589+07:07","2020-10-26 13:10:07.370589+07:07",,"KABUPATEN BATANG HARI","15"
"1505","2020-10-26 13:10:07.370589+07:07","2020-10-26 13:10:07.370589+07:07",,"KABUPATEN MUARO JAMBI","15"
"1506","2020-10-26 13:10:07.370589+07:07","2020-10-26 13:10:07.370589+07:07",,"KABUPATEN TANJUNG JABUNG TIMUR","15"
"1507","2020-10-26 13:10:07.370589+07:07","2020-10-26 13:10:07.370589+07:07",,"KABUPATEN TANJUNG JABUNG BARAT","15"
"1508","2020-10-26 13:10:07.370589+07:07","2020-10-26 13:10:07.370589+07:07",,"KABUPATEN TEBO","15"
"1509","2020-10-26 13:10:07.370589+07:07","2020-10-26 13:10:07.370589+07:07",,"KABUPATEN BUNGO","15"
"1571","2020-10-26 13:10:07.370589+07:07","2020-10-26 13:10:07.370589+07:07",,"KOTA JAMBI","15"
"1572","2020-10-26 13:10:07.370589+07:07","2020-10-26 13:10:07.370589+07:07",,"KOTA SUNGAI PENUH","15"
"1601","2020-10-26 13:10:07.370589+07:07","2020-10-26 13:10:07.370589+07:07",,"KABUPATEN OGAN KOMERING ULU","16"
"1602","2020-10-26 13:10:07.370589+07:07","2020-10-26 13:10:07.370589+07:07",,"KABUPATEN OGAN KOMERING ILIR","16"
"1603","2020-10-26 13:10:07.370589+07:07","2020-10-26 13:10:07.370589+07:07",,"KABUPATEN MUARA ENIM","16"
"1604","2020-10-26 13:10:07.370589+07:07","2020-10-26 13:10:07.370589+07:07",,"KABUPATEN LAHAT","16"
"1605","2020-10-26 13:10:07.370589+07:07","2020-10-26 13:10:07.370589+07:07",,"KABUPATEN MUSI RAWAS","16"
"1606","2020-10-26 13:10:07.370589+07:07","2020-10-26 13:10:07.370589+07:07",,"KABUPATEN MUSI BANYUASIN","16"
"1607","2020-10-26 13:10:07.370589+07:07","2020-10-26 13:10:07.370589+07:07",,"KABUPATEN BANYU ASIN","16"
"1608","2020-10-26 13:10:07.370589+07:07","2020-10-26 13:10:07.370589+07:07",,"KABUPATEN OGAN KOMERING ULU SELATAN","16"
"1609","2020-10-26 13:10:07.370589+07:07","2020-10-26 13:10:07.370589+07:07",,"KABUPATEN OGAN KOMERING ULU TIMUR","16"
"1610","2020-10-26 13:10:07.370589+07:07","2020-10-26 13:10:07.370589+07:07",,"KABUPATEN OGAN ILIR","16"
"1611","2020-10-26 13:10:07.370589+07:07","2020-10-26 13:10:07.370589+07:07",,"KABUPATEN EMPAT LAWANG","16"
"1612","2020-10-26 13:10:07.370589+07:07","2020-10-26 13:10:07.370589+07:07",,"KABUPATEN PENUKAL ABAB LEMATANG ILIR","16"
"1613","2020-10-26 13:10:07.370589+07:07","2020-10-26 13:10:07.370589+07:07",,"KABUPATEN MUSI RAWAS UTARA","16"
"1671","2020-10-26 13:10:07.370589+07:07","2020-10-26 13:10:07.370589+07:07",,"KOTA PALEMBANG","16"
"1672","2020-10-26 13:10:07.370589+07:07","2020-10-26 13:10:07.370589+07:07",,"KOTA PRABUMULIH","16"
"1673","2020-10-26 13:10:07.370589+07:07","2020-10-26 13:10:07.370589+07:07",,"KOTA PAGAR ALAM","16"
"1674","2020-10-26 13:10:07.370589+07:07","2020-10-26 13:10:07.370589+07:07",,"KOTA LUBUKLINGGAU","16"
"1701","2020-10-26 13:10:07.370589+07:07","2020-10-26 13:10:07.370589+07:07",,"KABUPATEN BENGKULU SELATAN","17"
"1702","2020-10-26 13:10:07.370589+07:07","2020-10-26 13:10:07.370589+07:07",,"KABUPATEN REJANG LEBONG","17"
"1703","2020-10-26 13:10:07.370589+07:07","2020-10-26 13:10:07.370589+07:07",,"KABUPATEN BENGKULU UTARA","17"
"1704","2020-10-26 13:10:07.370589+07:07","2020-10-26 13:10:07.370589+07:07",,"KABUPATEN KAUR","17"
"1705","2020-10-26 13:10:07.370589+07:07","2020-10-26 13:10:07.370589+07:07",,"KABUPATEN SELUMA","17"
"1706","2020-10-26 13:10:07.370589+07:07","2020-10-26 13:10:07.370589+07:07",,"KABUPATEN MUKOMUKO","17"
"1707","2020-10-26 13:10:07.370589+07:07","2020-10-26 13:10:07.370589+07:07",,"KABUPATEN LEBONG","17"
"1708","2020-10-26 13:10:07.370589+07:07","2020-10-26 13:10:07.370589+07:07",,"KABUPATEN KEPAHIANG","17"
"1709","2020-10-26 13:10:07.370589+07:07","2020-10-26 13:10:07.370589+07:07",,"KABUPATEN BENGKULU TENGAH","17"
"1771","2020-10-26 13:10:07.370589+07:07","2020-10-26 13:10:07.370589+07:07",,"KOTA BENGKULU","17"
"1801","2020-10-26 13:10:07.370589+07:07","2020-10-26 13:10:07.370589+07:07",,"KABUPATEN LAMPUNG BARAT","18"
"1802","2020-10-26 13:10:07.370589+07:07","2020-10-26 13:10:07.370589+07:07",,"KABUPATEN TANGGAMUS","18"
"1803","2020-10-26 13:10:07.370589+07:07","2020-10-26 13:10:07.370589+07:07",,"KABUPATEN LAMPUNG SELATAN","18"
"1804","2020-10-26 13:10:07.370589+07:07","2020-10-26 13:10:07.370589+07:07",,"KABUPATEN LAMPUNG TIMUR","18"
"1805","2020-10-26 13:10:07.370589+07:07","2020-10-26 13:10:07.370589+07:07",,"KABUPATEN LAMPUNG TENGAH","18"
"1806","2020-10-26 13:10:07.370589+07:07","2020-10-26 13:10:07.370589+07:07",,"KABUPATEN LAMPUNG UTARA","18"
"1807","2020-10-26 13:10:07.370589+07:07","2020-10-26 13:10:07.370589+07:07",,"KABUPATEN WAY KANAN","18"
"1808","2020-10-26 13:10:07.370589+07:07","2020-10-26 13:10:07.370589+07:07",,"KABUPATEN TULANGBAWANG","18"
"1809","2020-10-26 13:10:07.370589+07:07","2020-10-26 13:10:07.370589+07:07",,"KABUPATEN PESAWARAN","18"
"1810","2020-10-26 13:10:07.370589+07:07","2020-10-26 13:10:07.370589+07:07",,"KABUPATEN PRINGSEWU","18"
"1811","2020-10-26 13:10:07.370589+07:07","2020-10-26 13:10:07.370589+07:07",,"KABUPATEN MESUJI","18"
"1812","2020-10-26 13:10:07.370589+07:07","2020-10-26 13:10:07.370589+07:07",,"KABUPATEN TULANG BAWANG BARAT","18"
"1813","2020-10-26 13:10:07.370589+07:07","2020-10-26 13:10:07.370589+07:07",,"KABUPATEN PESISIR BARAT","18"
"1871","2020-10-26 13:10:07.370589+07:07","2020-10-26 13:10:07.370589+07:07",,"KOTA BANDAR LAMPUNG","18"
"1872","2020-10-26 13:10:07.370589+07:07","2020-10-26 13:10:07.370589+07:07",,"KOTA METRO","18"
"1901","2020-10-26 13:10:07.370589+07:07","2020-10-26 13:10:07.370589+07:07",,"KABUPATEN BANGKA","19"
"1902","2020-10-26 13:10:07.370589+07:07","2020-10-26 13:10:07.370589+07:07",,"KABUPATEN BELITUNG","19"
"1903","2020-10-26 13:10:07.370589+07:07","2020-10-26 13:10:07.370589+07:07",,"KABUPATEN BANGKA BARAT","19"
"1904","2020-10-26 13:10:07.370589+07:07","2020-10-26 13:10:07.370589+07:07",,"KABUPATEN BANGKA TENGAH","19"
"1905","2020-10-26 13:10:07.370589+07:07","2020-10-26 13:10:07.370589+07:07",,"KABUPATEN BANGKA SELATAN","19"
"1906","2020-10-26 13:10:07.370589+07:07","2020-10-26 13:10:07.370589+07:07",,"KABUPATEN BELITUNG TIMUR","19"
"1971","2020-10-26 13:10:07.370589+07:07","2020-10-26 13:10:07.370589+07:07",,"KOTA PANGKAL PINANG","19"
"2101","2020-10-26 13:10:07.370589+07:07","2020-10-26 13:10:07.370589+07:07",,"KABUPATEN KARIMUN","21"
"2102","2020-10-26 13:10:07.370589+07:07","2020-10-26 13:10:07.370589+07:07",,"KABUPATEN BINTAN","21"
"2103","2020-10-26 13:10:07.370589+07:07","2020-10-26 13:10:07.370589+07:07",,"KABUPATEN NATUNA","21"
"2104","2020-10-26 13:10:07.370589+07:07","2020-10-26 13:10:07.370589+07:07",,"KABUPATEN LINGGA","21"
"2105","2020-10-26 13:10:07.370589+07:07","2020-10-26 13:10:07.370589+07:07",,"KABUPATEN KEPULAUAN ANAMBAS","21"
"2171","2020-10-26 13:10:07.370589+07:07","2020-10-26 13:10:07.370589+07:07",,"KOTA B A T A M","21"
"2172","2020-10-26 13:10:07.370589+07:07","2020-10-26 13:10:07.370589+07:07",,"KOTA TANJUNG PINANG","21"
"3101","2020-10-26 13:10:07.370589+07:07","2020-10-26 13:10:07.370589+07:07",,"KABUPATEN KEPULAUAN SERIBU","31"
"3171","2020-10-26 13:10:07.370589+07:07","2020-10-26 13:10:07.370589+07:07",,"KOTA JAKARTA SELATAN","31"
"3172","2020-10-26 13:10:07.370589+07:07","2020-10-26 13:10:07.370589+07:07",,"KOTA JAKARTA TIMUR","31"
"3173","2020-10-26 13:10:07.370589+07:07","2020-10-26 13:10:07.370589+07:07",,"KOTA JAKARTA PUSAT","31"
"3174","2020-10-26 13:10:07.370589+07:07","2020-10-26 13:10:07.370589+07:07",,"KOTA JAKARTA BARAT","31"
"3175","2020-10-26 13:10:07.370589+07:07","2020-10-26 13:10:07.370589+07:07",,"KOTA JAKARTA UTARA","31"
"3201","2020-10-26 13:10:07.370589+07:07","2020-10-26 13:10:07.370589+07:07",,"KABUPATEN BOGOR","32"
"3202","2020-10-26 13:10:07.370589+07:07","2020-10-26 13:10:07.370589+07:07",,"KABUPATEN SUKABUMI","32"
"3203","2020-10-26 13:10:07.370589+07:07","2020-10-26 13:10:07.370589+07:07",,"KABUPATEN CIANJUR","32"
"3204","2020-10-26 13:10:07.370589+07:07","2020-10-26 13:10:07.370589+07:07",,"KABUPATEN BANDUNG","32"
"3205","2020-10-26 13:10:07.370589+07:07","2020-10-26 13:10:07.370589+07:07",,"KABUPATEN GARUT","32"
"3206","2020-10-26 13:10:07.370589+07:07","2020-10-26 13:10:07.370589+07:07",,"KABUPATEN TASIKMALAYA","32"
"3207","2020-10-26 13:10:07.370589+07:07","2020-10-26 13:10:07.370589+07:07",,"KABUPATEN CIAMIS","32"
"3208","2020-10-26 13:10:07.370589+07:07","2020-10-26 13:10:07.370589+07:07",,"KABUPATEN KUNINGAN","32"
"3209","2020-10-26 13:10:07.370589+07:07","2020-10-26 13:10:07.370589+07:07",,"KABUPATEN CIREBON","32"
"3210","2020-10-26 13:10:07.370589+07:07","2020-10-26 13:10:07.370589+07:07",,"KABUPATEN MAJALENGKA","32"
"3211","2020-10-26 13:10:07.370589+07:07","2020-10-26 13:10:07.370589+07:07",,"KABUPATEN SUMEDANG","32"
"3212","2020-10-26 13:10:07.370589+07:07","2020-10-26 13:10:07.370589+07:07",,"KABUPATEN INDRAMAYU","32"
"3213","2020-10-26 13:10:07.370589+07:07","2020-10-26 13:10:07.370589+07:07",,"KABUPATEN SUBANG","32"
"3214","2020-10-26 13:10:07.370589+07:07","2020-10-26 13:10:07.370589+07:07",,"KABUPATEN PURWAKARTA","32"
"3215","2020-10-26 13:10:07.370589+07:07","2020-10-26 13:10:07.370589+07:07",,"KABUPATEN KARAWANG","32"
"3216","2020-10-26 13:10:07.370589+07:07","2020-10-26 13:10:07.370589+07:07",,"KABUPATEN BEKASI","32"
"3217","2020-10-26 13:10:07.370589+07:07","2020-10-26 13:10:07.370589+07:07",,"KABUPATEN BANDUNG BARAT","32"
"3218","2020-10-26 13:10:07.370589+07:07","2020-10-26 13:10:07.370589+07:07",,"KABUPATEN PANGANDARAN","32"
"3271","2020-10-26 13:10:07.370589+07:07","2020-10-26 13:10:07.370589+07:07",,"KOTA BOGOR","32"
"3272","2020-10-26 13:10:07.370589+07:07","2020-10-26 13:10:07.370589+07:07",,"KOTA SUKABUMI","32"
"3273","2020-10-26 13:10:07.370589+07:07","2020-10-26 13:10:07.370589+07:07",,"KOTA BANDUNG","32"
"3274","2020-10-26 13:10:07.370589+07:07","2020-10-26 13:10:07.370589+07:07",,"KOTA CIREBON","32"
"3275","2020-10-26 13:10:07.370589+07:07","2020-10-26 13:10:07.370589+07:07",,"KOTA BEKASI","32"
"3276","2020-10-26 13:10:07.370589+07:07","2020-10-26 13:10:07.370589+07:07",,"KOTA DEPOK","32"
"3277","2020-10-26 13:10:07.370589+07:07","2020-10-26 13:10:07.370589+07:07",,"KOTA CIMAHI","32"
"3278","2020-10-26 13:10:07.370589+07:07","2020-10-26 13:10:07.370589+07:07",,"KOTA TASIKMALAYA","32"
"3279","2020-10-26 13:10:07.370589+07:07","2020-10-26 13:10:07.370589+07:07",,"KOTA BANJAR","32"
"3301","2020-10-26 13:10:07.370589+07:07","2020-10-26 13:10:07.370589+07:07",,"KABUPATEN CILACAP","33"
"3302","2020-10-26 13:10:07.370589+07:07","2020-10-26 13:10:07.370589+07:07",,"KABUPATEN BANYUMAS","33"
"3303","2020-10-26 13:10:07.370589+07:07","2020-10-26 13:10:07.370589+07:07",,"KABUPATEN PURBALINGGA","33"
"3304","2020-10-26 13:10:07.370589+07:07","2020-10-26 13:10:07.370589+07:07",,"KABUPATEN BANJARNEGARA","33"
"3305","2020-10-26 13:10:07.370589+07:07","2020-10-26 13:10:07.370589+07:07",,"KABUPATEN KEBUMEN","33"
"3306","2020-10-26 13:10:07.370589+07:07","2020-10-26 13:10:07.370589+07:07",,"KABUPATEN PURWOREJO","33"
"3307","2020-10-26 13:10:07.370589+07:07","2020-10-26 13:10:07.370589+07:07",,"KABUPATEN WONOSOBO","33"
"3308","2020-10-26 13:10:07.370589+07:07","2020-10-26 13:10:07.370589+07:07",,"KABUPATEN MAGELANG","33"
"3309","2020-10-26 13:10:07.370589+07:07","2020-10-26 13:10:07.370589+07:07",,"KABUPATEN BOYOLALI","33"
"3310","2020-10-26 13:10:07.370589+07:07","2020-10-26 13:10:07.370589+07:07",,"KABUPATEN KLATEN","33"
"3311","2020-10-26 13:10:07.370589+07:07","2020-10-26 13:10:07.370589+07:07",,"KABUPATEN SUKOHARJO","33"
"3312","2020-10-26 13:10:07.370589+07:07","2020-10-26 13:10:07.370589+07:07",,"KABUPATEN WONOGIRI","33"
"3313","2020-10-26 13:10:07.370589+07:07","2020-10-26 13:10:07.370589+07:07",,"KABUPATEN KARANGANYAR","33"
"3314","2020-10-26 13:10:07.370589+07:07","2020-10-26 13:10:07.370589+07:07",,"KABUPATEN SRAGEN","33"
"3315","2020-10-26 13:10:07.370589+07:07","2020-10-26 13:10:07.370589+07:07",,"KABUPATEN GROBOGAN","33"
"3316","2020-10-26 13:10:07.370589+07:07","2020-10-26 13:10:07.370589+07:07",,"KABUPATEN BLORA","33"
"3317","2020-10-26 13:10:07.370589+07:07","2020-10-26 13:10:07.370589+07:07",,"KABUPATEN REMBANG","33"
"3318","2020-10-26 13:10:07.370589+07:07","2020-10-26 13:10:07.370589+07:07",,"KABUPATEN PATI","33"
"3319","2020-10-26 13:10:07.370589+07:07","2020-10-26 13:10:07.370589+07:07",,"KABUPATEN KUDUS","33"
"3320","2020-10-26 13:10:07.370589+07:07","2020-10-26 13:10:07.370589+07:07",,"KABUPATEN JEPARA","33"
"3321","2020-10-26 13:10:07.370589+07:07","2020-10-26 13:10:07.370589+07:07",,"KABUPATEN DEMAK","33"
"3322","2020-10-26 13:10:07.370589+07:07","2020-10-26 13:10:07.370589+07:07",,"KABUPATEN SEMARANG","33"
"3323","2020-10-26 13:10:07.370589+07:07","2020-10-26 13:10:07.370589+07:07",,"KABUPATEN TEMANGGUNG","33"
"3324","2020-10-26 13:10:07.370589+07:07","2020-10-26 13:10:07.370589+07:07",,"KABUPATEN KENDAL","33"
"3325","2020-10-26 13:10:07.370589+07:07","2020-10-26 13:10:07.370589+07:07",,"KABUPATEN BATANG","33"
"3326","2020-10-26 13:10:07.370589+07:07","2020-10-26 13:10:07.370589+07:07",,"KABUPATEN PEKALONGAN","33"
"3327","2020-10-26 13:10:07.370589+07:07","2020-10-26 13:10:07.370589+07:07",,"KABUPATEN PEMALANG","33"
"3328","2020-10-26 13:10:07.370589+07:07","2020-10-26 13:10:07.370589+07:07",,"KABUPATEN TEGAL","33"
"3329","2020-10-26 13:10:07.370589+07:07","2020-10-26 13:10:07.370589+07:07",,"KABUPATEN BREBES","33"
"3371","2020-10-26 13:10:07.370589+07:07","2020-10-26 13:10:07.370589+07:07",,"KOTA MAGELANG","33"
"3372","2020-10-26 13:10:07.370589+07:07","2020-10-26 13:10:07.370589+07:07",,"KOTA SURAKARTA","33"
"3373","2020-10-26 13:10:07.370589+07:07","2020-10-26 13:10:07.370589+07:07",,"KOTA SALATIGA","33"
"3374","2020-10-26 13:10:07.370589+07:07","2020-10-26 13:10:07.370589+07:07",,"KOTA SEMARANG","33"
"3375","2020-10-26 13:10:07.370589+07:07","2020-10-26 13:10:07.370589+07:07",,"KOTA PEKALONGAN","33"
"3376","2020-10-26 13:10:07.370589+07:07","2020-10-26 13:10:07.370589+07:07",,"KOTA TEGAL","33"
"3401","2020-10-26 13:10:07.370589+07:07","2020-10-26 13:10:07.370589+07:07",,"KABUPATEN KULON PROGO","34"
"3402","2020-10-26 13:10:07.370589+07:07","2020-10-26 13:10:07.370589+07:07",,"KABUPATEN BANTUL","34"
"3403","2020-10-26 13:10:07.370589+07:07","2020-10-26 13:10:07.370589+07:07",,"KABUPATEN GUNUNG KIDUL","34"
"3404","2020-10-26 13:10:07.370589+07:07","2020-10-26 13:10:07.370589+07:07",,"KABUPATEN SLEMAN","34"
"3471","2020-10-26 13:10:07.370589+07:07","2020-10-26 13:10:07.370589+07:07",,"KOTA YOGYAKARTA","34"
"3501","2020-10-26 13:10:07.370589+07:07","2020-10-26 13:10:07.370589+07:07",,"KABUPATEN PACITAN","35"
"3502","2020-10-26 13:10:07.370589+07:07","2020-10-26 13:10:07.370589+07:07",,"KABUPATEN PONOROGO","35"
"3503","2020-10-26 13:10:07.370589+07:07","2020-10-26 13:10:07.370589+07:07",,"KABUPATEN TRENGGALEK","35"
"3504","2020-10-26 13:10:07.370589+07:07","2020-10-26 13:10:07.370589+07:07",,"KABUPATEN TULUNGAGUNG","35"
"3505","2020-10-26 13:10:07.370589+07:07","2020-10-26 13:10:07.370589+07:07",,"KABUPATEN BLITAR","35"
"3506","2020-10-26 13:10:07.370589+07:07","2020-10-26 13:10:07.370589+07:07",,"KABUPATEN KEDIRI","35"
"3507","2020-10-26 13:10:07.370589+07:07","2020-10-26 13:10:07.370589+07:07",,"KABUPATEN MALANG","35"
"3508","2020-10-26 13:10:07.370589+07:07","2020-10-26 13:10:07.370589+07:07",,"KABUPATEN LUMAJANG","35"
"3509","2020-10-26 13:10:07.370589+07:07","2020-10-26 13:10:07.370589+07:07",,"KABUPATEN JEMBER","35"
"3510","2020-10-26 13:10:07.370589+07:07","2020-10-26 13:10:07.370589+07:07",,"KABUPATEN BANYUWANGI","35"
"3511","2020-10-26 13:10:07.370589+07:07","2020-10-26 13:10:07.370589+07:07",,"KABUPATEN BONDOWOSO","35"
"3512","2020-10-26 13:10:07.370589+07:07","2020-10-26 13:10:07.370589+07:07",,"KABUPATEN SITUBONDO","35"
"3513","2020-10-26 13:10:07.370589+07:07","2020-10-26 13:10:07.370589+07:07",,"KABUPATEN PROBOLINGGO","35"
"3514","2020-10-26 13:10:07.370589+07:07","2020-10-26 13:10:07.370589+07:07",,"KABUPATEN PASURUAN","35"
"3515","2020-10-26 13:10:07.370589+07:07","2020-10-26 13:10:07.370589+07:07",,"KABUPATEN SIDOARJO","35"
"3516","2020-10-26 13:10:07.370589+07:07","2020-10-26 13:10:07.370589+07:07",,"KABUPATEN MOJOKERTO","35"
"3517","2020-10-26 13:10:07.370589+07:07","2020-10-26 13:10:07.370589+07:07",,"KABUPATEN JOMBANG","35"
"3518","2020-10-26 13:10:07.370589+07:07","2020-10-26 13:10:07.370589+07:07",,"KABUPATEN NGANJUK","35"
"3519","2020-10-26 13:10:07.370589+07:07","2020-10-26 13:10:07.370589+07:07",,"KABUPATEN MADIUN","35"
"3520","2020-10-26 13:10:07.370589+07:07","2020-10-26 13:10:07.370589+07:07",,"KABUPATEN MAGETAN","35"
"3521","2020-10-26 13:10:07.370589+07:07","2020-10-26 13:10:07.370589+07:07",,"KABUPATEN NGAWI","35"
"3522","2020-10-26 13:10:07.370589+07:07","2020-10-26 13:10:07.370589+07:07",,"KABUPATEN BOJONEGORO","35"
"3523","2020-10-26 13:10:07.370589+07:07","2020-10-26 13:10:07.370589+07:07",,"KABUPATEN TUBAN","35"
"3524","2020-10-26 13:10:07.370589+07:07","2020-10-26 13:10:07.370589+07:07",,"KABUPATEN LAMONGAN","35"
"3525","2020-10-26 13:10:07.370589+07:07","2020-10-26 13:10:07.370589+07:07",,"KABUPATEN GRESIK","35"
"3526","2020-10-26 13:10:07.370589+07:07","2020-10-26 13:10:07.370589+07:07",,"KABUPATEN BANGKALAN","35"
"3527","2020-10-26 13:10:07.370589+07:07","2020-10-26 13:10:07.370589+07:07",,"KABUPATEN SAMPANG","35"
"3528","2020-10-26 13:10:07.370589+07:07","2020-10-26 13:10:07.370589+07:07",,"KABUPATEN PAMEKASAN","35"
"3529","2020-10-26 13:10:07.370589+07:07","2020-10-26 13:10:07.370589+07:07",,"KABUPATEN SUMENEP","35"
"3571","2020-10-26 13:10:07.370589+07:07","2020-10-26 13:10:07.370589+07:07",,"KOTA KEDIRI","35"
"3572","2020-10-26 13:10:07.370589+07:07","2020-10-26 13:10:07.370589+07:07",,"KOTA BLITAR","35"
"3573","2020-10-26 13:10:07.370589+07:07","2020-10-26 13:10:07.370589+07:07",,"KOTA MALANG","35"
"3574","2020-10-26 13:10:07.370589+07:07","2020-10-26 13:10:07.370589+07:07",,"KOTA PROBOLINGGO","35"
"3575","2020-10-26 13:10:07.370589+07:07","2020-10-26 13:10:07.370589+07:07",,"KOTA PASURUAN","35"
"3576","2020-10-26 13:10:07.370589+07:07","2020-10-26 13:10:07.370589+07:07",,"KOTA MOJOKERTO","35"
"3577","2020-10-26 13:10:07.370589+07:07","2020-10-26 13:10:07.370589+07:07",,"KOTA MADIUN","35"
"3578","2020-10-26 13:10:07.370589+07:07","2020-10-26 13:10:07.370589+07:07",,"KOTA SURABAYA","35"
"3579","2020-10-26 13:10:07.370589+07:07","2020-10-26 13:10:07.370589+07:07",,"KOTA BATU","35"
"3601","2020-10-26 13:10:07.370589+07:07","2020-10-26 13:10:07.370589+07:07",,"KABUPATEN PANDEGLANG","36"
"3602","2020-10-26 13:10:07.370589+07:07","2020-10-26 13:10:07.370589+07:07",,"KABUPATEN LEBAK","36"
"3603","2020-10-26 13:10:07.370589+07:07","2020-10-26 13:10:07.370589+07:07",,"KABUPATEN TANGERANG","36"
"3604","2020-10-26 13:10:07.370589+07:07","2020-10-26 13:10:07.370589+07:07",,"KABUPATEN SERANG","36"
"3671","2020-10-26 13:10:07.370589+07:07","2020-10-26 13:10:07.370589+07:07",,"KOTA TANGERANG","36"
"3672","2020-10-26 13:10:07.370589+07:07","2020-10-26 13:10:07.370589+07:07",,"KOTA CILEGON","36"
"3673","2020-10-26 13:10:07.370589+07:07","2020-10-26 13:10:07.370589+07:07",,"KOTA SERANG","36"
"3674","2020-10-26 13:10:07.370589+07:07","2020-10-26 13:10:07.370589+07:07",,"KOTA TANGERANG SELATAN","36"
"5101","2020-10-26 13:10:07.370589+07:07","2020-10-26 13:10:07.370589+07:07",,"KABUPATEN JEMBRANA","51"
"5102","2020-10-26 13:10:07.370589+07:07","2020-10-26 13:10:07.370589+07:07",,"KABUPATEN TABANAN","51"
"5103","2020-10-26 13:10:07.370589+07:07","2020-10-26 13:10:07.370589+07:07",,"KABUPATEN BADUNG","51"
"5104","2020-10-26 13:10:07.370589+07:07","2020-10-26 13:10:07.370589+07:07",,"KABUPATEN GIANYAR","51"
"5105","2020-10-26 13:10:07.370589+07:07","2020-10-26 13:10:07.370589+07:07",,"KABUPATEN KLUNGKUNG","51"
"5106","2020-10-26 13:10:07.370589+07:07","2020-10-26 13:10:07.370589+07:07",,"KABUPATEN BANGLI","51"
"5107","2020-10-26 13:10:07.370589+07:07","2020-10-26 13:10:07.370589+07:07",,"KABUPATEN KARANG ASEM","51"
"5108","2020-10-26 13:10:07.370589+07:07","2020-10-26 13:10:07.370589+07:07",,"KABUPATEN BULELENG","51"
"5171","2020-10-26 13:10:07.370589+07:07","2020-10-26 13:10:07.370589+07:07",,"KOTA DENPASAR","51"
"5201","2020-10-26 13:10:07.370589+07:07","2020-10-26 13:10:07.370589+07:07",,"KABUPATEN LOMBOK BARAT","52"
"5202","2020-10-26 13:10:07.370589+07:07","2020-10-26 13:10:07.370589+07:07",,"KABUPATEN LOMBOK TENGAH","52"
"5203","2020-10-26 13:10:07.370589+07:07","2020-10-26 13:10:07.370589+07:07",,"KABUPATEN LOMBOK TIMUR","52"
"5204","2020-10-26 13:10:07.370589+07:07","2020-10-26 13:10:07.370589+07:07",,"KABUPATEN SUMBAWA","52"
"5205","2020-10-26 13:10:07.370589+07:07","2020-10-26 13:10:07.370589+07:07",,"KABUPATEN DOMPU","52"
"5206","2020-10-26 13:10:07.370589+07:07","2020-10-26 13:10:07.370589+07:07",,"KABUPATEN BIMA","52"
"5207","2020-10-26 13:10:07.370589+07:07","2020-10-26 13:10:07.370589+07:07",,"KABUPATEN SUMBAWA BARAT","52"
"5208","2020-10-26 13:10:07.370589+07:07","2020-10-26 13:10:07.370589+07:07",,"KABUPATEN LOMBOK UTARA","52"
"5271","2020-10-26 13:10:07.370589+07:07","2020-10-26 13:10:07.370589+07:07",,"KOTA MATARAM","52"
"5272","2020-10-26 13:10:07.370589+07:07","2020-10-26 13:10:07.370589+07:07",,"KOTA BIMA","52"
"5301","2020-10-26 13:10:07.370589+07:07","2020-10-26 13:10:07.370589+07:07",,"KABUPATEN SUMBA BARAT","53"
"5302","2020-10-26 13:10:07.370589+07:07","2020-10-26 13:10:07.370589+07:07",,"KABUPATEN SUMBA TIMUR","53"
"5303","2020-10-26 13:10:07.370589+07:07","2020-10-26 13:10:07.370589+07:07",,"KABUPATEN KUPANG","53"
"5304","2020-10-26 13:10:07.370589+07:07","2020-10-26 13:10:07.370589+07:07",,"KABUPATEN TIMOR TENGAH SELATAN","53"
"5305","2020-10-26 13:10:07.370589+07:07","2020-10-26 13:10:07.370589+07:07",,"KABUPATEN TIMOR TENGAH UTARA","53"
"5306","2020-10-26 13:10:07.370589+07:07","2020-10-26 13:10:07.370589+07:07",,"KABUPATEN BELU","53"
"5307","2020-10-26 13:10:07.370589+07:07","2020-10-26 13:10:07.370589+07:07",,"KABUPATEN ALOR","53"
"5308","2020-10-26 13:10:07.370589+07:07","2020-10-26 13:10:07.370589+07:07",,"KABUPATEN LEMBATA","53"
"5309","2020-10-26 13:10:07.370589+07:07","2020-10-26 13:10:07.370589+07:07",,"KABUPATEN FLORES TIMUR","53"
"5310","2020-10-26 13:10:07.370589+07:07","2020-10-26 13:10:07.370589+07:07",,"KABUPATEN SIKKA","53"
"5311","2020-10-26 13:10:07.370589+07:07","2020-10-26 13:10:07.370589+07:07",,"KABUPATEN ENDE","53"
"5312","2020-10-26 13:10:07.370589+07:07","2020-10-26 13:10:07.370589+07:07",,"KABUPATEN NGADA","53"
"5313","2020-10-26 13:10:07.370589+07:07","2020-10-26 13:10:07.370589+07:07",,"KABUPATEN MANGGARAI","53"
"5314","2020-10-26 13:10:07.370589+07:07","2020-10-26 13:10:07.370589+07:07",,"KABUPATEN ROTE NDAO","53"
"5315","2020-10-26 13:10:07.370589+07:07","2020-10-26 13:10:07.370589+07:07",,"KABUPATEN MANGGARAI BARAT","53"
"5316","2020-10-26 13:10:07.370589+07:07","2020-10-26 13:10:07.370589+07:07",,"KABUPATEN SUMBA TENGAH","53"
"5317","2020-10-26 13:10:07.370589+07:07","2020-10-26 13:10:07.370589+07:07",,"KABUPATEN SUMBA BARAT DAYA","53"
"5318","2020-10-26 13:10:07.370589+07:07","2020-10-26 13:10:07.370589+07:07",,"KABUPATEN NAGEKEO","53"
"5319","2020-10-26 13:10:07.370589+07:07","2020-10-26 13:10:07.370589+07:07",,"KABUPATEN MANGGARAI TIMUR","53"
"5320","2020-10-26 13:10:07.370589+07:07","2020-10-26 13:10:07.370589+07:07",,"KABUPATEN SABU RAIJUA","53"
"5321","2020-10-26 13:10:07.370589+07:07","2020-10-26 13:10:07.370589+07:07",,"KABUPATEN MALAKA","53"
"5371","2020-10-26 13:10:07.370589+07:07","2020-10-26 13:10:07.370589+07:07",,"KOTA KUPANG","53"
"6101","2020-10-26 13:10:07.370589+07:07","2020-10-26 13:10:07.370589+07:07",,"KABUPATEN SAMBAS","61"
"6102","2020-10-26 13:10:07.370589+07:07","2020-10-26 13:10:07.370589+07:07",,"KABUPATEN BENGKAYANG","61"
"6103","2020-10-26 13:10:07.370589+07:07","2020-10-26 13:10:07.370589+07:07",,"KABUPATEN LANDAK","61"
"6104","2020-10-26 13:10:07.370589+07:07","2020-10-26 13:10:07.370589+07:07",,"KABUPATEN MEMPAWAH","61"
"6105","2020-10-26 13:10:07.370589+07:07","2020-10-26 13:10:07.370589+07:07",,"KABUPATEN SANGGAU","61"
"6106","2020-10-26 13:10:07.370589+07:07","2020-10-26 13:10:07.370589+07:07",,"KABUPATEN KETAPANG","61"
"6107","2020-10-26 13:10:07.370589+07:07","2020-10-26 13:10:07.370589+07:07",,"KABUPATEN SINTANG","61"
"6108","2020-10-26 13:10:07.370589+07:07","2020-10-26 13:10:07.370589+07:07",,"KABUPATEN KAPUAS HULU","61"
"6109","2020-10-26 13:10:07.370589+07:07","2020-10-26 13:10:07.370589+07:07",,"KABUPATEN SEKADAU","61"
"6110","2020-10-26 13:10:07.370589+07:07","2020-10-26 13:10:07.370589+07:07",,"KABUPATEN MELAWI","61"
"6111","2020-10-26 13:10:07.370589+07:07","2020-10-26 13:10:07.370589+07:07",,"KABUPATEN KAYONG UTARA","61"
"6112","2020-10-26 13:10:07.370589+07:07","2020-10-26 13:10:07.370589+07:07",,"KABUPATEN KUBU RAYA","61"
"6171","2020-10-26 13:10:07.370589+07:07","2020-10-26 13:10:07.370589+07:07",,"KOTA PONTIANAK","61"
"6172","2020-10-26 13:10:07.370589+07:07","2020-10-26 13:10:07.370589+07:07",,"KOTA SINGKAWANG","61"
"6201","2020-10-26 13:10:07.370589+07:07","2020-10-26 13:10:07.370589+07:07",,"KABUPATEN KOTAWARINGIN BARAT","62"
"6202","2020-10-26 13:10:07.370589+07:07","2020-10-26 13:10:07.370589+07:07",,"KABUPATEN KOTAWARINGIN TIMUR","62"
"6203","2020-10-26 13:10:07.370589+07:07","2020-10-26 13:10:07.370589+07:07",,"KABUPATEN KAPUAS","62"
"6204","2020-10-26 13:10:07.370589+07:07","2020-10-26 13:10:07.370589+07:07",,"KABUPATEN BARITO SELATAN","62"
"6205","2020-10-26 13:10:07.370589+07:07","2020-10-26 13:10:07.370589+07:07",,"KABUPATEN BARITO UTARA","62"
"6206","2020-10-26 13:10:07.370589+07:07","2020-10-26 13:10:07.370589+07:07",,"KABUPATEN SUKAMARA","62"
"6207","2020-10-26 13:10:07.370589+07:07","2020-10-26 13:10:07.370589+07:07",,"KABUPATEN LAMANDAU","62"
"6208","2020-10-26 13:10:07.370589+07:07","2020-10-26 13:10:07.370589+07:07",,"KABUPATEN SERUYAN","62"
"6209","2020-10-26 13:10:07.370589+07:07","2020-10-26 13:10:07.370589+07:07",,"KABUPATEN KATINGAN","62"
"6210","2020-10-26 13:10:07.370589+07:07","2020-10-26 13:10:07.370589+07:07",,"KABUPATEN PULANG PISAU","62"
"6211","2020-10-26 13:10:07.370589+07:07","2020-10-26 13:10:07.370589+07:07",,"KABUPATEN GUNUNG MAS","62"
"6212","2020-10-26 13:10:07.370589+07:07","2020-10-26 13:10:07.370589+07:07",,"KABUPATEN BARITO TIMUR","62"
"6213","2020-10-26 13:10:07.370589+07:07","2020-10-26 13:10:07.370589+07:07",,"KABUPATEN MURUNG RAYA","62"
"6271","2020-10-26 13:10:07.370589+07:07","2020-10-26 13:10:07.370589+07:07",,"KOTA PALANGKA RAYA","62"
"6301","2020-10-26 13:10:07.370589+07:07","2020-10-26 13:10:07.370589+07:07",,"KABUPATEN TANAH LAUT","63"
"6302","2020-10-26 13:10:07.370589+07:07","2020-10-26 13:10:07.370589+07:07",,"KABUPATEN KOTA BARU","63"
"6303","2020-10-26 13:10:07.370589+07:07","2020-10-26 13:10:07.370589+07:07",,"KABUPATEN BANJAR","63"
"6304","2020-10-26 13:10:07.370589+07:07","2020-10-26 13:10:07.370589+07:07",,"KABUPATEN BARITO KUALA","63"
"6305","2020-10-26 13:10:07.370589+07:07","2020-10-26 13:10:07.370589+07:07",,"KABUPATEN TAPIN","63"
"6306","2020-10-26 13:10:07.370589+07:07","2020-10-26 13:10:07.370589+07:07",,"KABUPATEN HULU SUNGAI SELATAN","63"
"6307","2020-10-26 13:10:07.370589+07:07","2020-10-26 13:10:07.370589+07:07",,"KABUPATEN HULU SUNGAI TENGAH","63"
"6308","2020-10-26 13:10:07.370589+07:07","2020-10-26 13:10:07.370589+07:07",,"KABUPATEN HULU SUNGAI UTARA","63"
"6309","2020-10-26 13:10:07.370589+07:07","2020-10-26 13:10:07.370589+07:07",,"KABUPATEN TABALONG","63"
"6310","2020-10-26 13:10:07.370589+07:07","2020-10-26 13:10:07.370589+07:07",,"KABUPATEN TANAH BUMBU","63"
"6311","2020-10-26 13:10:07.370589+07:07","2020-10-26 13:10:07.370589+07:07",,"KABUPATEN BALANGAN","63"
"6371","2020-10-26 13:10:07.370589+07:07","2020-10-26 13:10:07.370589+07:07",,"KOTA BANJARMASIN","63"
"6372","2020-10-26 13:10:07.370589+07:07","2020-10-26 13:10:07.370589+07:07",,"KOTA BANJAR BARU","63"
"6401","2020-10-26 13:10:07.370589+07:07","2020-10-26 13:10:07.370589+07:07",,"KABUPATEN PASER","64"
"6402","2020-10-26 13:10:07.370589+07:07","2020-10-26 13:10:07.370589+07:07",,"KABUPATEN KUTAI BARAT","64"
"6403","2020-10-26 13:10:07.370589+07:07","2020-10-26 13:10:07.370589+07:07",,"KABUPATEN KUTAI KARTANEGARA","64"
"6404","2020-10-26 13:10:07.370589+07:07","2020-10-26 13:10:07.370589+07:07",,"KABUPATEN KUTAI TIMUR","64"
"6405","2020-10-26 13:10:07.370589+07:07","2020-10-26 13:10:07.370589+07:07",,"KABUPATEN BERAU","64"
"6409","2020-10-26 13:10:07.370589+07:07","2020-10-26 13:10:07.370589+07:07",,"KABUPATEN PENAJAM PASER UTARA","64"
"6411","2020-10-26 13:10:07.370589+07:07","2020-10-26 13:10:07.370589+07:07",,"KABUPATEN MAHAKAM HULU","64"
"6471","2020-10-26 13:10:07.370589+07:07","2020-10-26 13:10:07.370589+07:07",,"KOTA BALIKPAPAN","64"
"6472","2020-10-26 13:10:07.370589+07:07","2020-10-26 13:10:07.370589+07:07",,"KOTA SAMARINDA","64"
"6474","2020-10-26 13:10:07.370589+07:07","2020-10-26 13:10:07.370589+07:07",,"KOTA BONTANG","64"
"6501","2020-10-26 13:10:07.370589+07:07","2020-10-26 13:10:07.370589+07:07",,"KABUPATEN MALINAU","65"
"6502","2020-10-26 13:10:07.370589+07:07","2020-10-26 13:10:07.370589+07:07",,"KABUPATEN BULUNGAN","65"
"6503","2020-10-26 13:10:07.370589+07:07","2020-10-26 13:10:07.370589+07:07",,"KABUPATEN TANA TIDUNG","65"
"6504","2020-10-26 13:10:07.370589+07:07","2020-10-26 13:10:07.370589+07:07",,"KABUPATEN NUNUKAN","65"
"6571","2020-10-26 13:10:07.370589+07:07","2020-10-26 13:10:07.370589+07:07",,"KOTA TARAKAN","65"
"7101","2020-10-26 13:10:07.370589+07:07","2020-10-26 13:10:07.370589+07:07",,"KABUPATEN BOLAANG MONGONDOW","71"
"7102","2020-10-26 13:10:07.370589+07:07","2020-10-26 13:10:07.370589+07:07",,"KABUPATEN MINAHASA","71"
"7103","2020-10-26 13:10:07.370589+07:07","2020-10-26 13:10:07.370589+07:07",,"KABUPATEN KEPULAUAN SANGIHE","71"
"7104","2020-10-26 13:10:07.370589+07:07","2020-10-26 13:10:07.370589+07:07",,"KABUPATEN KEPULAUAN TALAUD","71"
"7105","2020-10-26 13:10:07.370589+07:07","2020-10-26 13:10:07.370589+07:07",,"KABUPATEN MINAHASA SELATAN","71"
"7106","2020-10-26 13:10:07.370589+07:07","2020-10-26 13:10:07.370589+07:07",,"KABUPATEN MINAHASA UTARA","71"
"7107","2020-10-26 13:10:07.370589+07:07","2020-10-26 13:10:07.370589+07:07",,"KABUPATEN BOLAANG MONGONDOW UTARA","71"
"7108","2020-10-26 13:10:07.370589+07:07","2020-10-26 13:10:07.370589+07:07",,"KABUPATEN SIAU TAGULANDANG BIARO","71"
"7109","2020-10-26 13:10:07.370589+07:07","2020-10-26 13:10:07.370589+07:07",,"KABUPATEN MINAHASA TENGGARA","71"
"7110","2020-10-26 13:10:07.370589+07:07","2020-10-26 13:10:07.370589+07:07",,"KABUPATEN BOLAANG MONGONDOW SELATAN","71"
"7111","2020-10-26 13:10:07.370589+07:07","2020-10-26 13:10:07.370589+07:07",,"KABUPATEN BOLAANG MONGONDOW TIMUR","71"
"7171","2020-10-26 13:10:07.370589+07:07","2020-10-26 13:10:07.370589+07:07",,"KOTA MANADO","71"
"7172","2020-10-26 13:10:07.370589+07:07","2020-10-26 13:10:07.370589+07:07",,"KOTA BITUNG","71"
"7173","2020-10-26 13:10:07.370589+07:07","2020-10-26 13:10:07.370589+07:07",,"KOTA TOMOHON","71"
"7174","2020-10-26 13:10:07.370589+07:07","2020-10-26 13:10:07.370589+07:07",,"KOTA KOTAMOBAGU","71"
"7201","2020-10-26 13:10:07.370589+07:07","2020-10-26 13:10:07.370589+07:07",,"KABUPATEN BANGGAI KEPULAUAN","72"
"7202","2020-10-26 13:10:07.370589+07:07","2020-10-26 13:10:07.370589+07:07",,"KABUPATEN BANGGAI","72"
"7203","2020-10-26 13:10:07.370589+07:07","2020-10-26 13:10:07.370589+07:07",,"KABUPATEN MOROWALI","72"
"7204","2020-10-26 13:10:07.370589+07:07","2020-10-26 13:10:07.370589+07:07",,"KABUPATEN POSO","72"
"7205","2020-10-26 13:10:07.370589+07:07","2020-10-26 13:10:07.370589+07:07",,"KABUPATEN DONGGALA","72"
"7206","2020-10-26 13:10:07.370589+07:07","2020-10-26 13:10:07.370589+07:07",,"KABUPATEN TOLI-TOLI","72"
"7207","2020-10-26 13:10:07.370589+07:07","2020-10-26 13:10:07.370589+07:07",,"KABUPATEN BUOL","72"
"7208","2020-10-26 13:10:07.370589+07:07","2020-10-26 13:10:07.370589+07:07",,"KABUPATEN PARIGI MOUTONG","72"
"7209","2020-10-26 13:10:07.370589+07:07","2020-10-26 13:10:07.370589+07:07",,"KABUPATEN TOJO UNA-UNA","72"
"7210","2020-10-26 13:10:07.370589+07:07","2020-10-26 13:10:07.370589+07:07",,"KABUPATEN SIGI","72"
"7211","2020-10-26 13:10:07.370589+07:07","2020-10-26 13:10:07.370589+07:07",,"KABUPATEN BANGGAI LAUT","72"
"7212","2020-10-26 13:10:07.370589+07:07","2020-10-26 13:10:07.370589+07:07",,"KABUPATEN MOROWALI UTARA","72"
"7271","2020-10-26 13:10:07.370589+07:07","2020-10-26 13:10:07.370589+07:07",,"KOTA PALU","72"
"7301","2020-10-26 13:10:07.370589+07:07","2020-10-26 13:10:07.370589+07:07",,"KABUPATEN KEPULAUAN SELAYAR","73"
"7302","2020-10-26 13:10:07.370589+07:07","2020-10-26 13:10:07.370589+07:07",,"KABUPATEN BULUKUMBA","73"
"7303","2020-10-26 13:10:07.370589+07:07","2020-10-26 13:10:07.370589+07:07",,"KABUPATEN BANTAENG","73"
"7304","2020-10-26 13:10:07.370589+07:07","2020-10-26 13:10:07.370589+07:07",,"KABUPATEN JENEPONTO","73"
"7305","2020-10-26 13:10:07.370589+07:07","2020-10-26 13:10:07.370589+07:07",,"KABUPATEN TAKALAR","73"
"7306","2020-10-26 13:10:07.370589+07:07","2020-10-26 13:10:07.370589+07:07",,"KABUPATEN GOWA","73"
"7307","2020-10-26 13:10:07.370589+07:07","2020-10-26 13:10:07.370589+07:07",,"KABUPATEN SINJAI","73"
"7308","2020-10-26 13:10:07.370589+07:07","2020-10-26 13:10:07.370589+07:07",,"KABUPATEN MAROS","73"
"7309","2020-10-26 13:10:07.370589+07:07","2020-10-26 13:10:07.370589+07:07",,"KABUPATEN PANGKAJENE DAN KEPULAUAN","73"
"7310","2020-10-26 13:10:07.370589+07:07","2020-10-26 13:10:07.370589+07:07",,"KABUPATEN BARRU","73"
"7311","2020-10-26 13:10:07.370589+07:07","2020-10-26 13:10:07.370589+07:07",,"KABUPATEN BONE","73"
"7312","2020-10-26 13:10:07.370589+07:07","2020-10-26 13:10:07.370589+07:07",,"KABUPATEN SOPPENG","73"
"7313","2020-10-26 13:10:07.370589+07:07","2020-10-26 13:10:07.370589+07:07",,"KABUPATEN WAJO","73"
"7314","2020-10-26 13:10:07.370589+07:07","2020-10-26 13:10:07.370589+07:07",,"KABUPATEN SIDENRENG RAPPANG","73"
"7315","2020-10-26 13:10:07.370589+07:07","2020-10-26 13:10:07.370589+07:07",,"KABUPATEN PINRANG","73"
"7316","2020-10-26 13:10:07.370589+07:07","2020-10-26 13:10:07.370589+07:07",,"KABUPATEN ENREKANG","73"
"7317","2020-10-26 13:10:07.370589+07:07","2020-10-26 13:10:07.370589+07:07",,"KABUPATEN LUWU","73"
"7318","2020-10-26 13:10:07.370589+07:07","2020-10-26 13:10:07.370589+07:07",,"KABUPATEN TANA TORAJA","73"
"7322","2020-10-26 13:10:07.370589+07:07","2020-10-26 13:10:07.370589+07:07",,"KABUPATEN LUWU UTARA","73"
"7325","2020-10-26 13:10:07.370589+07:07","2020-10-26 13:10:07.370589+07:07",,"KABUPATEN LUWU TIMUR","73"
"7326","2020-10-26 13:10:07.370589+07:07","2020-10-26 13:10:07.370589+07:07",,"KABUPATEN TORAJA UTARA","73"
"7371","2020-10-26 13:10:07.370589+07:07","2020-10-26 13:10:07.370589+07:07",,"KOTA MAKASSAR","73"
"7372","2020-10-26 13:10:07.370589+07:07","2020-10-26 13:10:07.370589+07:07",,"KOTA PAREPARE","73"
"7373","2020-10-26 13:10:07.370589+07:07","2020-10-26 13:10:07.370589+07:07",,"KOTA PALOPO","73"
"7401","2020-10-26 13:10:07.370589+07:07","2020-10-26 13:10:07.370589+07:07",,"KABUPATEN BUTON","74"
"7402","2020-10-26 13:10:07.370589+07:07","2020-10-26 13:10:07.370589+07:07",,"KABUPATEN MUNA","74"
"7403","2020-10-26 13:10:07.370589+07:07","2020-10-26 13:10:07.370589+07:07",,"KABUPATEN KONAWE","74"
"7404","2020-10-26 13:10:07.370589+07:07","2020-10-26 13:10:07.370589+07:07",,"KABUPATEN KOLAKA","74"
"7405","2020-10-26 13:10:07.370589+07:07","2020-10-26 13:10:07.370589+07:07",,"KABUPATEN KONAWE SELATAN","74"
"7406","2020-10-26 13:10:07.370589+07:07","2020-10-26 13:10:07.370589+07:07",,"KABUPATEN BOMBANA","74"
"7407","2020-10-26 13:10:07.370589+07:07","2020-10-26 13:10:07.370589+07:07",,"KABUPATEN WAKATOBI","74"
"7408","2020-10-26 13:10:07.370589+07:07","2020-10-26 13:10:07.370589+07:07",,"KABUPATEN KOLAKA UTARA","74"
"7409","2020-10-26 13:10:07.370589+07:07","2020-10-26 13:10:07.370589+07:07",,"KABUPATEN BUTON UTARA","74"
"7410","2020-10-26 13:10:07.370589+07:07","2020-10-26 13:10:07.370589+07:07",,"KABUPATEN KONAWE UTARA","74"
"7411","2020-10-26 13:10:07.370589+07:07","2020-10-26 13:10:07.370589+07:07",,"KABUPATEN KOLAKA TIMUR","74"
"7412","2020-10-26 13:10:07.370589+07:07","2020-10-26 13:10:07.370589+07:07",,"KABUPATEN KONAWE KEPULAUAN","74"
"7413","2020-10-26 13:10:07.370589+07:07","2020-10-26 13:10:07.370589+07:07",,"KABUPATEN MUNA BARAT","74"
"7414","2020-10-26 13:10:07.370589+07:07","2020-10-26 13:10:07.370589+07:07",,"KABUPATEN BUTON TENGAH","74"
"7415","2020-10-26 13:10:07.370589+07:07","2020-10-26 13:10:07.370589+07:07",,"KABUPATEN BUTON SELATAN","74"
"7471","2020-10-26 13:10:07.370589+07:07","2020-10-26 13:10:07.370589+07:07",,"KOTA KENDARI","74"
"7472","2020-10-26 13:10:07.370589+07:07","2020-10-26 13:10:07.370589+07:07",,"KOTA BAUBAU","74"
"7501","2020-10-26 13:10:07.370589+07:07","2020-10-26 13:10:07.370589+07:07",,"KABUPATEN BOALEMO","75"
"7502","2020-10-26 13:10:07.370589+07:07","2020-10-26 13:10:07.370589+07:07",,"KABUPATEN GORONTALO","75"
"7503","2020-10-26 13:10:07.370589+07:07","2020-10-26 13:10:07.370589+07:07",,"KABUPATEN POHUWATO","75"
"7504","2020-10-26 13:10:07.370589+07:07","2020-10-26 13:10:07.370589+07:07",,"KABUPATEN BONE BOLANGO","75"
"7505","2020-10-26 13:10:07.370589+07:07","2020-10-26 13:10:07.370589+07:07",,"KABUPATEN GORONTALO UTARA","75"
"7571","2020-10-26 13:10:07.370589+07:07","2020-10-26 13:10:07.370589+07:07",,"KOTA GORONTALO","75"
"7601","2020-10-26 13:10:07.370589+07:07","2020-10-26 13:10:07.370589+07:07",,"KABUPATEN MAJENE","76"
"7602","2020-10-26 13:10:07.370589+07:07","2020-10-26 13:10:07.370589+07:07",,"KABUPATEN POLEWALI MANDAR","76"
"7603","2020-10-26 13:10:07.370589+07:07","2020-10-26 13:10:07.370589+07:07",,"KABUPATEN MAMASA","76"
"7604","2020-10-26 13:10:07.370589+07:07","2020-10-26 13:10:07.370589+07:07",,"KABUPATEN MAMUJU","76"
"7605","2020-10-26 13:10:07.370589+07:07","2020-10-26 13:10:07.370589+07:07",,"KABUPATEN MAMUJU UTARA","76"
"7606","2020-10-26 13:10:07.370589+07:07","2020-10-26 13:10:07.370589+07:07",,"KABUPATEN MAMUJU TENGAH","76"
"8101","2020-10-26 13:10:07.370589+07:07","2020-10-26 13:10:07.370589+07:07",,"KABUPATEN MALUKU TENGGARA BARAT","81"
"8102","2020-10-26 13:10:07.370589+07:07","2020-10-26 13:10:07.370589+07:07",,"KABUPATEN MALUKU TENGGARA","81"
"8103","2020-10-26 13:10:07.370589+07:07","2020-10-26 13:10:07.370589+07:07",,"KABUPATEN MALUKU TENGAH","81"
"8104","2020-10-26 13:10:07.370589+07:07","2020-10-26 13:10:07.370589+07:07",,"KABUPATEN BURU","81"
"8105","2020-10-26 13:10:07.370589+07:07","2020-10-26 13:10:07.370589+07:07",,"KABUPATEN KEPULAUAN ARU","81"
"8106","2020-10-26 13:10:07.370589+07:07","2020-10-26 13:10:07.370589+07:07",,"KABUPATEN SERAM BAGIAN BARAT","81"
"8107","2020-10-26 13:10:07.370589+07:07","2020-10-26 13:10:07.370589+07:07",,"KABUPATEN SERAM BAGIAN TIMUR","81"
"8108","2020-10-26 13:10:07.370589+07:07","2020-10-26 13:10:07.370589+07:07",,"KABUPATEN MALUKU BARAT DAYA","81"
"8109","2020-10-26 13:10:07.370589+07:07","2020-10-26 13:10:07.370589+07:07",,"KABUPATEN BURU SELATAN","81"
"8171","2020-10-26 13:10:07.370589+07:07","2020-10-26 13:10:07.370589+07:07",,"KOTA AMBON","81"
"8172","2020-10-26 13:10:07.370589+07:07","2020-10-26 13:10:07.370589+07:07",,"KOTA TUAL","81"
"8201","2020-10-26 13:10:07.370589+07:07","2020-10-26 13:10:07.370589+07:07",,"KABUPATEN HALMAHERA BARAT","82"
"8202","2020-10-26 13:10:07.370589+07:07","2020-10-26 13:10:07.370589+07:07",,"KABUPATEN HALMAHERA TENGAH","82"
"8203","2020-10-26 13:10:07.370589+07:07","2020-10-26 13:10:07.370589+07:07",,"KABUPATEN KEPULAUAN SULA","82"
"8204","2020-10-26 13:10:07.370589+07:07","2020-10-26 13:10:07.370589+07:07",,"KABUPATEN HALMAHERA SELATAN","82"
"8205","2020-10-26 13:10:07.370589+07:07","2020-10-26 13:10:07.370589+07:07",,"KABUPATEN HALMAHERA UTARA","82"
"8206","2020-10-26 13:10:07.370589+07:07","2020-10-26 13:10:07.370589+07:07",,"KABUPATEN HALMAHERA TIMUR","82"
"8207","2020-10-26 13:10:07.370589+07:07","2020-10-26 13:10:07.370589+07:07",,"KABUPATEN PULAU MOROTAI","82"
"8208","2020-10-26 13:10:07.370589+07:07","2020-10-26 13:10:07.370589+07:07",,"KABUPATEN PULAU TALIABU","82"
"8271","2020-10-26 13:10:07.370589+07:07","2020-10-26 13:10:07.370589+07:07",,"KOTA TERNATE","82"
"8272","2020-10-26 13:10:07.370589+07:07","2020-10-26 13:10:07.370589+07:07",,"KOTA TIDORE KEPULAUAN","82"
"9101","2020-10-26 13:10:07.370589+07:07","2020-10-26 13:10:07.370589+07:07",,"KABUPATEN FAKFAK","91"
"9102","2020-10-26 13:10:07.370589+07:07","2020-10-26 13:10:07.370589+07:07",,"KABUPATEN KAIMANA","91"
"9103","2020-10-26 13:10:07.370589+07:07","2020-10-26 13:10:07.370589+07:07",,"KABUPATEN TELUK WONDAMA","91"
"9104","2020-10-26 13:10:07.370589+07:07","2020-10-26 13:10:07.370589+07:07",,"KABUPATEN TELUK BINTUNI","91"
"9105","2020-10-26 13:10:07.370589+07:07","2020-10-26 13:10:07.370589+07:07",,"KABUPATEN MANOKWARI","91"
"9106","2020-10-26 13:10:07.370589+07:07","2020-10-26 13:10:07.370589+07:07",,"KABUPATEN SORONG SELATAN","91"
"9107","2020-10-26 13:10:07.370589+07:07","2020-10-26 13:10:07.370589+07:07",,"KABUPATEN SORONG","91"
"9108","2020-10-26 13:10:07.370589+07:07","2020-10-26 13:10:07.370589+07:07",,"KABUPATEN RAJA AMPAT","91"
"9109","2020-10-26 13:10:07.370589+07:07","2020-10-26 13:10:07.370589+07:07",,"KABUPATEN TAMBRAUW","91"
"9110","2020-10-26 13:10:07.370589+07:07","2020-10-26 13:10:07.370589+07:07",,"KABUPATEN MAYBRAT","91"
"9111","2020-10-26 13:10:07.370589+07:07","2020-10-26 13:10:07.370589+07:07",,"KABUPATEN MANOKWARI SELATAN","91"
"9112","2020-10-26 13:10:07.370589+07:07","2020-10-26 13:10:07.370589+07:07",,"KABUPATEN PEGUNUNGAN ARFAK","91"
"9171","2020-10-26 13:10:07.370589+07:07","2020-10-26 13:10:07.370589+07:07",,"KOTA SORONG","91"
"9401","2020-10-26 13:10:07.370589+07:07","2020-10-26 13:10:07.370589+07:07",,"KABUPATEN MERAUKE","94"
"9402","2020-10-26 13:10:07.370589+07:07","2020-10-26 13:10:07.370589+07:07",,"KABUPATEN JAYAWIJAYA","94"
"9403","2020-10-26 13:10:07.370589+07:07","2020-10-26 13:10:07.370589+07:07",,"KABUPATEN JAYAPURA","94"
"9404","2020-10-26 13:10:07.370589+07:07","2020-10-26 13:10:07.370589+07:07",,"KABUPATEN NABIRE","94"
"9408","2020-10-26 13:10:07.370589+07:07","2020-10-26 13:10:07.370589+07:07",,"KABUPATEN KEPULAUAN YAPEN","94"
"9409","2020-10-26 13:10:07.370589+07:07","2020-10-26 13:10:07.370589+07:07",,"KABUPATEN BIAK NUMFOR","94"
"9410","2020-10-26 13:10:07.370589+07:07","2020-10-26 13:10:07.370589+07:07",,"KABUPATEN PANIAI","94"
"9411","2020-10-26 13:10:07.370589+07:07","2020-10-26 13:10:07.370589+07:07",,"KABUPATEN PUNCAK JAYA","94"
"9412","2020-10-26 13:10:07.370589+07:07","2020-10-26 13:10:07.370589+07:07",,"KABUPATEN MIMIKA","94"
"9413","2020-10-26 13:10:07.370589+07:07","2020-10-26 13:10:07.370589+07:07",,"KABUPATEN BOVEN DIGOEL","94"
"9414","2020-10-26 13:10:07.370589+07:07","2020-10-26 13:10:07.370589+07:07",,"KABUPATEN MAPPI","94"
"9415","2020-10-26 13:10:07.370589+07:07","2020-10-26 13:10:07.370589+07:07",,"KABUPATEN ASMAT","94"
"9416","2020-10-26 13:10:07.370589+07:07","2020-10-26 13:10:07.370589+07:07",,"KABUPATEN YAHUKIMO","94"
"9417","2020-10-26 13:10:07.370589+07:07","2020-10-26 13:10:07.370589+07:07",,"KABUPATEN PEGUNUNGAN BINTANG","94"
"9418","2020-10-26 13:10:07.370589+07:07","2020-10-26 13:10:07.370589+07:07",,"KABUPATEN TOLIKARA","94"
"9419","2020-10-26 13:10:07.370589+07:07","2020-10-26 13:10:07.370589+07:07",,"KABUPATEN SARMI","94"
"9420","2020-10-26 13:10:07.370589+07:07","2020-10-26 13:10:07.370589+07:07",,"KABUPATEN KEEROM","94"
"9426","2020-10-26 13:10:07.370589+07:07","2020-10-26 13:10:07.370589+07:07",,"KABUPATEN WAROPEN","94"
"9427","2020-10-26 13:10:07.370589+07:07","2020-10-26 13:10:07.370589+07:07",,"KABUPATEN SUPIORI","94"
"9428","2020-10-26 13:10:07.370589+07:07","2020-10-26 13:10:07.370589+07:07",,"KABUPATEN MAMBERAMO RAYA","94"
"9429","2020-10-26 13:10:07.370589+07:07","2020-10-26 13:10:07.370589+07:07",,"KABUPATEN NDUGA","94"
"9430","2020-10-26 13:10:07.370589+07:07","2020-10-26 13:10:07.370589+07:07",,"KABUPATEN LANNY JAYA","94"
"9431","2020-10-26 13:10:07.370589+07:07","2020-10-26 13:10:07.370589+07:07",,"KABUPATEN MAMBERAMO TENGAH","94"
"9432","2020-10-26 13:10:07.370589+07:07","2020-10-26 13:10:07.370589+07:07",,"KABUPATEN YALIMO","94"
"9433","2020-10-26 13:10:07.370589+07:07","2020-10-26 13:10:07.370589+07:07",,"KABUPATEN PUNCAK","94"
"9434","2020-10-26 13:10:07.370589+07:07","2020-10-26 13:10:07.370589+07:07",,"KABUPATEN DOGIYAI","94"
"9435","2020-10-26 13:10:07.370589+07:07","2020-10-26 13:10:07.370589+07:07",,"KABUPATEN INTAN JAYA","94"
"9436","2020-10-26 13:10:07.370589+07:07","2020-10-26 13:10:07.370589+07:07",,"KABUPATEN DEIYAI","94"
"9471","2020-10-26 13:10:07.370589+07:07","2020-10-26 13:10:07.370589+07:07",,"KOTA JAYAPURA","94"
